field,value
Business name,Premier Dentistry
Alternate display name,Premier Dentistry of Charlotte
Primary dentist,"Dr. Anand Patel, DDS"
Primary category,Dentist
Secondary category 1,Cosmetic dentist
Secondary category 2,Dental clinic
Secondary category 3,Emergency dental service
Secondary category 4,Dental implants provider
Secondary category 5,Teeth whitening service
Address line 1,16640 Hawfield Way Drive
Address line 2,Suite 101
City,Charlotte
State,NC
ZIP,28277
Neighborhood,Ballantyne
Country,United States
Phone,704-544-8860
Website,https://premierdentistrync.com/
Appointment URL,https://premierdentistrync.com/contact
Email,contact@premierdentistrync.com
Facebook,https://www.facebook.com/premierdds/
Google Maps,https://maps.app.goo.gl/2nAPc2TWMnHiPsZ96
Monday,9:00 AM - 5:00 PM
Tuesday,9:00 AM - 5:00 PM
Wednesday,9:00 AM - 5:00 PM
Thursday,9:00 AM - 5:00 PM
Friday,9:00 AM - 2:00 PM on 1st and 3rd Friday only
Saturday,Closed
Sunday,Closed
Service areas,"Ballantyne; South Charlotte; Pineville; Matthews; Indian Land SC; Fort Mill SC; Waxhaw"
Short description,"Premier Dentistry is a modern dental practice in Ballantyne, Charlotte NC led by Dr. Anand Patel, DDS."
Long description,"Premier Dentistry provides gentle, modern dental care in Ballantyne, Charlotte NC. Led by Dr. Anand Patel, DDS, the practice helps patients with cleanings and routine exams, same-day CEREC crowns, Invisalign, dental implants, veneers, teeth whitening, root canal treatment, emergency dental visits, extractions, dentures, nitrous oxide, sedation dentistry, and sleep apnea oral appliances. The office focuses on clear treatment plans, conservative recommendations, modern technology, and unhurried appointments. Premier Dentistry serves Ballantyne, South Charlotte, Pineville, Matthews, Indian Land, Fort Mill, Waxhaw, and nearby communities."
Sitemap,https://premierdentistrync.com/sitemap.xml
AI crawler guide,https://premierdentistrync.com/llms.txt
AI pointer,https://premierdentistrync.com/ai.txt
