service,category,url,listing_description
Cleanings and Routine Exams,Preventive,https://premierdentistrync.com/services/cleanings,"Gentle preventive visits with professional cleaning, digital X-rays when needed, oral cancer screening, and a clear exam with Dr. Anand Patel, DDS."
Same-Day Dental Crowns,Restorative,https://premierdentistrync.com/services/dental-crowns,"CEREC same-day crowns designed, milled, and placed in one visit whenever appropriate, without a two-week temporary crown."
Root Canal Treatment,Restorative,https://premierdentistrync.com/services/root-canal,"Modern root canal therapy to relieve infection-related tooth pain and help save the natural tooth when possible."
Emergency Dental Care,Specialty,https://premierdentistrync.com/services/emergency,"Same-day help when available for tooth pain, broken teeth, chips, swelling, lost crowns, and urgent dental concerns."
Porcelain Veneers,Cosmetic,https://premierdentistrync.com/services/veneers,"Cosmetic veneers designed to improve tooth shape, color, spacing, and smile balance with a natural look."
Fillings and Bonding,Restorative,https://premierdentistrync.com/services/fillings,"Tooth-colored composite fillings and conservative bonding for cavities, chips, small gaps, and minor cosmetic repairs."
Tooth Extractions,Specialty,https://premierdentistrync.com/services/extractions,"Gentle tooth removal when a tooth cannot be saved, with comfort options and replacement planning when needed."
Invisalign,Cosmetic,https://premierdentistrync.com/services/invisalign,"Clear aligner treatment for adults and teens who want to straighten teeth without traditional braces."
Dentures,Restorative,https://premierdentistrync.com/services/dentures,"Full and partial dentures designed for fit, function, and a natural-looking smile."
Nitrous Oxide,Specialty,https://premierdentistrync.com/services/nitrous,"Light relaxation with nitrous oxide for patients who feel anxious during dental treatment."
Teeth Whitening,Cosmetic,https://premierdentistrync.com/services/whitening,"Professional whitening options for brighter teeth with guidance to reduce sensitivity."
Sedation Dentistry,Specialty,https://premierdentistrync.com/services/sedation,"Relaxation options for anxious patients or longer dental visits, based on medical history and treatment needs."
Sleep Apnea and Snoring Appliances,Specialty,https://premierdentistrync.com/services/sleep-apnea,"Custom oral appliances for appropriate patients with snoring or mild to moderate obstructive sleep apnea."
Dental Implants,Restorative,https://premierdentistrync.com/services/implants,"Permanent tooth replacement planned with modern imaging to restore chewing function, appearance, and long-term stability."
